{
    "_failed Repos": {
        "FalseNeg": [
            "10.1145/3318170.3318183",
            "10.1145/3485447.3511945",
            "10.18653/v1/2020.emnlp-main.478",
            "10.24963/ijcai.2022/208"
        ],
        "FalsePos": []
    },
    "f1_score": 0.9285714285714286,
    "precision": 1.0,
    "recall": 0.8666666666666667
}