{
    "_failed Repos": {
        "FalseNeg": [
            "10.1016/j.cpc.2020.107260",
            "10.1016/j.techfore.2022.121478",
            "10.1051/0004-6361/202039603",
            "10.1093/gigascience/giab055",
            "10.1109/iccv48922.2021.00338",
            "10.1109/icse43902.2021.00072",
            "10.1109/isbi52829.2022.9761409",
            "10.1609/aaai.v31i1.10965",
            "10.1609/aaai.v33i01.33013396",
            "10.18653/v1/2020.acl-main.55",
            "10.18653/v1/2020.emnlp-main.478",
            "10.18653/v1/2020.emnlp-main.495",
            "10.18653/v1/2020.textgraphs-1.7",
            "10.18653/v1/2021.naacl-main.458",
            "10.18653/v1/p19-1249",
            "10.18653/v1/w19-5368",
            "10.2478/pralin-2018-0002",
            "10.24963/ijcai.2022/208"
        ],
        "FalsePos": []
    },
    "f1_score": 0.8043478260869564,
    "precision": 1.0,
    "recall": 0.6727272727272727
}