{
    "_failed Repos": [
        "10.1007/978-3-319-26123-2_24",
        "10.1016/j.cpc.2020.107260",
        "10.1109/iccv48922.2021.00338",
        "10.1145/3485447.3511945",
        "10.1145/3508352.3549415",
        "10.18653/v1/2020.acl-main.55",
        "10.18653/v1/2020.emnlp-main.495",
        "10.18653/v1/2021.naacl-main.458",
        "10.21428/58320208.e46b7b81",
        "10.2478/pralin-2018-0002",
        "10.24963/ijcai.2022/208"
    ],
    "f1_score": 0.7555555555555556,
    "precision": 0.9444444444444444,
    "recall": 0.6296296296296297
}