{
    "_failed Repos": {
        "FalseNeg": [
            "10.1007/978-3-319-26123-2_24",
            "10.1016/j.cpc.2020.107260",
            "10.1145/3485447.3511945",
            "10.1145/3508352.3549415",
            "10.24963/ijcai.2022/208"
        ],
        "FalsePos": []
    },
    "f1_score": 0.9019607843137255,
    "precision": 1.0,
    "recall": 0.8214285714285714
}