{
    "_failed Repos": {
        "FalseNeg": [
            "2004.11797",
            "2212.13788",
            "1804.04128",
            "2102.02080",
            "2102.13173",
            "1508.02911",
            "1611.06933",
            "1603.05867",
            "2007.16196",
            "2108.06771",
            "1708.02286",
            "2007.02824",
            "1809.09307",
            "2109.09412"
        ],
        "FalsePos": []
    },
    "f1_score": 0.9351851851851852,
    "precision": 1.0,
    "recall": 0.8782608695652174
}