{
    "_failed Repos": {
        "FalseNeg": [
            "10.1016/j.techfore.2022.121478",
            "10.1051/0004-6361/202039603",
            "10.1109/isbi52829.2022.9761409",
            "10.1609/aaai.v31i1.10965",
            "10.1609/aaai.v33i01.33013396",
            "10.18653/v1/2020.emnlp-main.478",
            "10.18653/v1/2020.textgraphs-1.7",
            "10.18653/v1/2021.eacl-main.60",
            "10.18653/v1/2021.naacl-main.458",
            "10.18653/v1/p19-1249",
            "10.18653/v1/w19-5368",
            "10.2478/pralin-2018-0002",
            "10.24963/ijcai.2022/208"
        ],
        "FalsePos": [
            "10.1109/twc.2023.3244868"
        ]
    },
    "f1_score": 0.8571428571428571,
    "precision": 0.9767441860465116,
    "recall": 0.7636363636363637
}